row,id,family,year,age,sex,tongY1,palY1,meanY1,tongM1,palM1,meanM1,sat1 ,hue1,tongY2,palY2,meanY2,tongM2,palM2,meanM2,sat2,hue2,bodTemp1,bodTemp2,diffBodTemp,ambTemp1,ambTemp2,ambFinal,broodSize,bandTime1,bandTime2,handleTime,bandOrder,time1,time2,obtainTime,date,julDate,mass,tailLength,tarsus,wingChord,sevenPrim,expSevenPrim,billNT,billWidth,billDepth,TEC,head,skull,timeOut1,timeOut2,obt1Max,obt1Min,obt1Max,obt1Min,t1MaxMinusHour,t1MinMinusHour,t1MeanMinusHour,t1MaxAtBand,t1MinAtBand,t1MeanAtBand,futureBreeder,broodSize,familyProducedBreeder,comments
5,4Q HAWA03,HAWA03,2003,25,M,50,,50,70,,70,120,0.583,,,,,,,,,38.2,,,15.6,,15.6,6,15:37:00,15:49:00,12,1,15:55:00,,,5/12/2003,132,430,59,64.2,169,110,62,23.2,12.7,14,35.4,78.3,42.9,,,,,,,51.9,50.7,51.1,52.2,51.7,51.9,2,6,2, 
3,9V HAWA03,HAWA03,2003,25,M,40,,40,80,,80,120,0.667,,,,,,,,,40.6,,,15.6,,15.6,6,,17:08:00,,6,15:46:00,,,5/12/2003,132,305,34,58.8,132,77,37,19.7,13.2,12.1,30.9,71.1,40.2,,,,,,,51.9,50.7,51.1,52.2,51.7,51.9,2,6,2, 
4,8U HAWA03,HAWA03,2003,25,M,40,,40,80,,80,120,0.667,,,,,,,,,38.9,,,15.6,,15.6,6,16:40:00,,,5,15:51:00,,,5/12/2003,132,442,52,61.2,166,102,59,22.4,13.2,12.8,34.2,78.9,44.7,,,,,,,51.9,50.7,51.1,52.2,51.7,51.9,2,6,2, 
1,7T HAWA03,HAWA03,2003,25,F,30,,30,50,,50,80,0.625,,,,,,,,,,,,15.6,,15.6,6,16:23:00,16:39:00,16,4,15:41:00,,,5/12/2003,132,409,62,60.2,169,110,68,21.9,11.7,12.5,34.9,76.3,41.4,,,,,,,51.9,50.7,51.1,52.2,51.7,51.9,2,6,2, 
2,5R HAWA03,HAWA03,2003,25,M,30,,30,80,,80,110,0.727,,,,,,,,,40,,,15.6,,15.6,6,15:50:00,16:05:00,15,2,15:44:00,,,5/12/2003,132,430,59,62.8,170,112,64,22,13.6,13,31,76.6,45.6,,,,,,,51.9,50.7,51.1,52.2,51.7,51.9,2,6,2, 
6,6S HAWA03,HAWA03,2003,25,M,30,,30,80,,80,110,0.727,,,,,,,,,37.8,,,15.6,,15.6,6,16:07:00,16:22:00,15,3,15:58:00,,,5/12/2003,132,392,50,59.9,158,97,50,21.3,13.9,12,32.6,76.1,43.5,,,,,,,51.9,50.7,51.1,52.2,51.7,51.9,2,6,2, 
45,1B SWEG03,SWEG03,2003,25,F,60,50,55,80,80,80,135,0.593,,,,,,,,,40.2,,,22.8,,22.8,5,,,,5,11:18:00,,10:28:00,5/19/2003,139,310,48,56.2,164,113,66,20.2,13.4,11.8,31.8,71.3,39.5,50,,65.4,59.9,68,65.1,68,65.1,66.7,70.5,68,69.4,2,5,2, 
113,08 HAWA04,08 HAWA04,2004,23,M,60,50,55,80,80,80,135,0.593,60,40,50,80,99,89.5,139.5,0.642,40,38.9,1.1,23,19.9,23,5,,,,,13:52:00,14:13:00,13:38:00,5/19/2004,140,385,41,60.8,152,92,47,22.1,13.8,13.3,33.5,76.3,42.8,14,35,,,,,,,,,,18.44,2,5,2,
114,19 HAWA04,19 HAWA04,2004,23,F,60,50,55,80,80,80,135,0.593,40,30,35,90,80,85,120,0.708,40.5,39.4,1.1,22.3,19.8,22.3,5,,,,,13:56:00,14:28:00,13:38:00,5/19/2004,140,380,45,59.2,150,91,46,20.6,12.8,12.9,30.2,73,42.8,18,50,,,,,,,,,,18.44,2,5,2,
115,20 HAWA04,20 HAWA04,2004,23,F,60,70,65,90,90,90,155,0.581,50,40,45,80,80,80,125,0.64,41.6,39.1,2.5,21.2,19.6,21.2,5,,,,,13:59:00,14:36:00,13:38:00,5/19/2004,140,325,33,55.8,141,82,40,20.3,12.6,12.8,32.6,71.3,38.7,21,58,,,,,,,,,,18.44,2,5,2,
116,31 HAWA04,31 HAWA04,2004,23,F,60,60,60,90,90,90,150,0.6,60,40,50,90,90,90,140,0.643,40.6,38.8,1.8,20.9,19.9,20.9,5,,,,,14:03:00,14:48:00,13:38:00,5/19/2004,140,318,30,55.2,134,78,39,19.7,11.4,12.2,30.7,71.3,40.6,25,70,,,,,,,,,,18.44,2,5,2,
165,OI FOWA05,FOWA05,2005,27,M,60,40,50,80,70,75,125,0.6,50,40,45,70,70,70,115,0.609,40.6,40.4,0.2,17.9,,17.9,5,11:31:00,11:40:00,,,11:21:00,11:40:00,11:05:00,5/16/2005,136,400,60,61.5,179,118,65,24.2,13.5,12.8,39.8,80.2,40.4,16,35,,,,,,,,,,,2,5,2,bled before gape color
167,XZ FOWA05,FOWA05,2005,27,M,60,30,45,80,80,80,125,0.64,50,40,45,70,80,75,120,0.625,40.3,40,0.3,17.9,,17.9,5,12:11:00,12:21:00,,,11:25:00,12:21:00,11:05:00,5/16/2005,136,356,42,60.1,148,92,47,20.8,12.5,11.6,33.8,74.4,40.6,20,76,,,,,,,,,,,2,5,2,bled before gape color
168,RF FOWA05,FOWA05,2005,27,F,60,30,45,80,80,80,125,0.64,50,40,45,70,80,75,120,0.625,41,40.9,0.1,17.9,,17.9,5,12:02:00,12:16:00,,,11:29:00,12:16:00,11:05:00,5/16/2005,136,347,60,58.2,164,106,50,23.2,12.7,12.1,34.1,75.1,41,24,71,,,,,,,,,,,2,5,2,bled before gape color
196,LJ WILG05,WILG05,2005,27,F,60,60,60,80,90,85,145,0.586,60,50,55,80,90,85,140,0.607,40.4,39.7,0.7,22.3,,22.3,5,17:00:00,17:08:00,,,16:41:00,17:09:00,16:31:00,5/19/2005,139,405,66,61.4,173,115,69,22.9,12.8,12.3,36.5,77.4,40.9,10,38,,,,,,,,,,,2,5,2,
197,OG WILG05,WILG05,2005,27,M,60,60,60,70,90,80,140,0.571,60,60,60,80,80,80,140,0.571,40.7,40.3,0.4,22.3,,22.3,5,17:33:00,17:46:00,,,16:44:00,17:47:00,16:31:00,5/19/2005,139,445,68,63.6,183,121,70,24.7,12.7,13.8,39,82.1,43.1,13,76,,,,,,,,,,,2,5,2,
198,KK WILG05,WILG05,2005,27,F,60,60,60,90,90,90,150,0.6,60,60,60,90,80,85,145,0.586,41.5,40.3,1.2,22.3,,22.3,5,16:49:00,16:58:00,,,16:45:00,17:05:00,16:31:00,5/19/2005,139,370,56,59.3,168,112,64,22.5,13.5,12.7,36.9,77.1,40.2,14,34,,,,,,,,,,,2,5,2,
199,MI WILG05,WILG05,2005,27,F,60,60,60,80,90,85,145,0.586,60,70,65,80,90,85,150,0.567,41.2,40,1.2,22.3,,22.3,5,17:08:00,17:18:00,,,16:48:00,17:19:00,16:31:00,5/19/2005,139,372,52,59.8,166,105,59,22.3,12.6,12.7,33.6,74.6,41,17,48,,,,,,,,,,,2,5,2,
200,NH WILG05,WILG05,2005,27,F,60,60,60,80,90,85,145,0.586,60,60,60,80,90,85,145,0.586,41.2,39.4,1.7,22.3,,22.3,5,17:19:00,17:33:00,,,16:50:00,17:34:00,16:31:00,5/19/2005,139,397,67,59.5,174,112,65,23.3,12.8,12.7,35.4,76.7,41.3,19,63,,,,,,,,,,,2,5,2,
19,4F BROT03,BROT03,2003,24,F,50,50,50,90,80,85,135,0.63,,,,,,,,,40.6,,,,,13,5,,,,1,10:59:00,,,5/16/2003,136,447,55,60.5,155,100,55,21.7,13.4,12.7,32.7,72.8,40.1,,,,,,,56.2,53.7,54.7,56.2,55,13,2,5,2, 
20,5G BROT03,BROT03,2003,25,M,50,40,45,70,60,65,110,0.591,,,,,,,,,39.2,,,,,13.3,5,,,,2,11:06:00,,,5/16/2003,136,370,60,63.2,171,111,62,23.6,13.3,13.1,37,78,41,,,,,,,56.2,55,55.4,57.1,55.3,13.33,2,5,2, 
21,7I BROT03,BROT03,2003,25,F,50,50,50,70,60,65,115,0.565,,,,,,,,,38.7,,,,,13.3,5,11:44:00,11:59:00,15,4,11:11:00,,,5/16/2003,136,368,63,60.4,166,108,61,23.7,13.6,13,36.6,77.4,40.8,,,,,,,56.2,55,55.4,57.1,55.3,13.33,2,5,2, 
22,8J BROT03,BROT03,2003,25,M,50,50,50,70,70,70,120,0.583,,,,,,,,,38.9,,,,,13.3,5,12:00:00,12:15:00,15,5,11:23:00,,,5/16/2003,136,387,57,62.4,165,106,66,22.1,12.3,12.5,34,77.4,43.4,,,,,,,56.2,55,55.4,57.1,55.3,13.33,2,5,2, 
24,9K LRIS03,LRIS03,2003,25,F,50,40,45,70,70,70,115,0.609,30,30,30,70,60,65,95,0.684,39.7,40.1,-0.4,17.2,,17.2,5,,15:00:00,,1,14:46:00,15:10:00,14:30:00,5/16/2003,136,342,50,57.4,168,110,61,19.8,11.8,11.7,32,73.3,41.3,16,40,60.5,57.9,61.1,60.2,60.5,57.9,59.3,61.1,60.2,60.6,2,5,2, 
28,0L LRIS03,LRIS03,2003,25,F,50,40,45,70,70,70,115,0.609,30,30,30,70,60,65,95,0.684,40.4,38.9,1.6,17.2,,17.2,5,15:03:00,15:15:00,12,2,15:02:00,15:16:00,14:30:00,5/16/2003,136,355,49,59.8,160,102,58,21.5,13.4,12.9,34.3,76,41.7,32,46,60.5,57.9,61.1,60.2,61.1,60.2,60.6,61,60.3,60.7,2,5,2, 
41,2X SWEG03,SWEG03,2003,25,F,50,50,50,70,80,75,125,0.6,50,,50,70,,70,120,0.583,42.4,40.6,1.8,22.8,,22.8,5,10:57:00,,,1,10:57:00,12:07:00,10:28:00,5/19/2003,139,358,65,55.9,170,115,70,22.5,14,12.8,34.4,76.3,41.9,29,99,65.4,59.9,68,65.1,65.4,59.9,62.6,68,65.1,66.7,2,5,2, 
42,4Z SWEG03,SWEG03,2003,25,M,50,50,50,80,80,80,130,0.615,,,,,,,,,40.6,,,22.8,,22.8,5,,,,3,11:01:00,,10:28:00,5/19/2003,139,356,55,53.9,161,105,50,21.51,13.4,12.8,33.5,75.7,42.2,33,,65.4,59.9,68,65.1,68,65.1,66.7,70.5,68,69.4,2,5,2, 
43,3Y SWEG03,SWEG03,2003,25,M,50,50,50,80,80,80,130,0.615,,,,,,,,,40.9,,,22.8,,22.8,5,11:09:00,,,2,11:07:00,,10:28:00,5/19/2003,139,335,50,56.2,168,110,63,20.9,13,12.6,33.4,74.8,41.4,39,,65.4,59.9,68,65.1,68,65.1,66.7,70.5,68,69.4,2,5,2, 
164,SE FOWA05,FOWA05,2005,27,M,50,50,50,80,70,75,125,0.6,50,30,40,70,70,70,110,0.636,40.1,40.5,-0.4,17.9,,17.9,5,11:41:00,11:53:00,,,11:17:00,11:53:00,11:05:00,5/16/2005,136,422,72,61.6,183,126,73,22.8,14,14,36.7,79.5,42.8,12,48,,,,,,,,,,,2,5,2,bled before gape color
166,QG FOWA05,FOWA05,2005,27,F,50,30,40,70,80,75,115,0.652,40,30,35,70,80,75,110,0.682,40.3,39.3,0.9,17.9,,17.9,5,11:54:00,12:01:00,,,11:23:00,12:02:00,11:05:00,5/16/2005,136,380,68,58.8,172,118,68,22.7,12.1,12,35.2,77.5,42.3,18,57,,,,,,,,,,,2,5,2,bled before gape color
176,BU IEQR05,IEQR05,2005,24,F,50,30,40,80,80,80,120,0.667,40,40,40,70,70,70,110,0.636,39.4,39.7,-0.3,22.3,,22.3,5,14:27:00,14:35:00,,,14:25:00,14:43:00,13:56:00,5/17/2005,137,305,35,58.5,143,90,43,21,12.1,11.5,33.5,72.7,39.2,29,47,,,,,,,,,,,2,5,2,
207,WY NBUR05,NBUR05,2005,28,M,50,50,50,80,80,80,130,0.615,40,50,45,70,90,80,125,0.64,40.9,40.6,0.4,22,,22,5,15:00:00,15:17:00,,,14:56:00,15:18:00,,5/20/2005,140,287,45,49.4,152,103,62,19.9,10.7,9.9,33.7,73.3,39.6,,,,,,,,,,,,,2,5,2,
209,XX NBUR05,NBUR05,2005,28,M,50,40,45,70,90,80,125,0.64,50,40,45,80,80,80,125,0.64,41.4,41.2,0.3,22,,22,5,15:13:00,15:24:00,,,15:04:00,15:25:00,,5/20/2005,140,351,65,54.2,181,125,85,22.6,11.4,11.1,34,77.4,43.4,,,,,,,,,,,,,2,5,2,
23,6H BROT03,BROT03,2003,25,F,40,40,40,70,60,65,105,0.619,,,,,,,,,40.4,,,,,13.3,5,,,,3,11:27:00,,,5/16/2003,136,370,61,61.1,168,108,64,23.8,12.4,12.4,35.4,77.4,42,,,,,,,56.2,55,55.4,57.1,55.3,13.33,2,5,2, 
25,2N LRIS03,LRIS03,2003,25,F,40,20,30,70,70,70,100,0.7,40,30,35,60,70,65,100,0.65,40.7,39.6,1.2,17.2,,17.2,5,15:28:00,15:38:00,10,4,14:49:00,15:42:00,14:30:00,5/16/2003,136,370,55,60.7,163,107,61,21.2,13.6,12.5,32.7,74.2,41.5,19,72,60.5,57.9,61.1,60.2,60.5,57.9,59.3,61.1,60.2,60.6,2,5,2, 
26,3O LRIS03,LRIS03,2003,25,M,40,10,25,80,60,70,95,0.737,40,40,40,70,70,70,110,0.636,39.8,39.3,0.5,17.2,,17.2,5,15:39:00,15:54:00,15,5,14:53:00,15:56:00,14:30:00,5/16/2003,136,440,51,62.3,170,110,61,22,13.1,13.1,34.1,77.2,43.1,23,86,60.5,57.9,61.1,60.2,60.5,57.9,59.3,61.1,60.2,60.6,2,5,2, 
44,0A SWEG03,SWEG03,2003,25,F,40,40,40,70,70,70,110,0.636,,,,,,,,,40.7,,,22.8,,22.8,5,,,,4,11:11:00,,10:28:00,5/19/2003,139,289,47,53.3,158,102,56,20.1,11.7,11.6,32.6,71.2,38.6,43,,65.4,59.9,68,65.1,68,65.1,66.7,70.5,68,69.4,2,5,2, 
174,NI IEQR05,IEQR05,2005,24,F,40,30,35,70,80,75,110,0.682,40,30,35,70,70,70,105,0.667,38.9,39.4,-0.4,22.3,,22.3,5,14:36:00,14:56:00,,,14:17:00,14:57:00,13:56:00,5/17/2005,137,295,42,60,152,94,47,21.6,12.4,12.4,33.3,74.3,41,21,61,,,,,,,,,,,2,5,2,
175,QF IEQR05,IEQR05,2005,24,F,40,40,40,80,90,85,125,0.68,40,40,40,70,70,70,110,0.636,39.8,39.6,0.3,22.3,,22.3,5,14:57:00,15:07:00,,,14:20:00,15:08:00,13:56:00,5/17/2005,137,312,38,58.8,149,91,40,21.4,14,12.4,34.5,74,39.5,24,72,,,,,,,,,,,2,5,2,
177,LK IEQR05,IEQR05,2005,24,F,40,40,40,80,80,80,120,0.667,50,50,50,80,80,80,130,0.615,41.1,40.1,1,22.3,,22.3,5,14:38:00,14:44:00,,,14:36:00,14:47:00,13:56:00,5/17/2005,137,350,53,59.2,163,100,56,22.2,13,11.8,34.6,74.9,40.3,40,51,,,,,,,,,,,2,5,2,
205,FR NBUR05,NBUR05,2005,28,F,40,50,45,70,80,75,120,0.625,50,40,45,50,70,60,105,0.571,41.4,40.8,0.6,22,,22,5,15:31:00,15:46:00,,,14:44:00,15:47:00,,5/20/2005,140,328,74,52.6,175,122,87,22.4,10.6,10.7,32.5,74.6,42.1,,,,,,,,,,,,,2,5,2,EXPLOSIVE FLEDGER
206,YW NBUR05,NBUR05,2005,28,M,40,60,50,80,90,85,135,0.63,50,50,50,70,90,80,130,0.615,40.6,39.9,0.7,22,,22,5,15:19:00,15:30:00,,,14:52:00,15:31:00,,5/20/2005,140,372,58,55.5,171,119,80,22.6,11.6,11.3,32.8,78.2,45.4,,,,,,,,,,,,,2,5,2,
208,ZV NBUR05,NBUR05,2005,28,M,40,30,35,70,80,75,110,0.682,30,40,35,70,80,75,110,0.682,40.2,40.8,-0.6,22,,22,5,15:25:00,15:39:00,,,14:59:00,15:39:00,,5/20/2005,140,320,70,55.2,182,129,90,22.4,11.6,11.4,31.9,75.8,43.9,,,,,,,,,,,,,2,5,2,
27,1M LRIS03,LRIS03,2003,25,M,30,30,30,70,70,70,100,0.7,40,40,40,70,80,75,115,0.652,40.1,39.4,0.7,17.2,,17.2,5,15:16:00,15:27:00,11,3,14:58:00,15:30:00,14:30:00,5/16/2003,136,375,50,63.6,164,105,62,22.4,14.1,13,34.2,75.3,41.1,28,60,60.5,57.9,61.1,60.2,60.5,57.9,59.3,61.1,60.2,60.6,2,5,2, 
117,SP-WO HAWA04,SP-WO HAWA05,2004,22,M,30,30,30,80,80,80,110,0.727,30,30,30,99,90,94.5,124.5,0.759,39.6,38.1,1.4,14.9,19.9,14.9,5,,,,,14:08:00,14:53:00,13:38:00,5/19/2004,140,215,11,52,98,47,20,17.5,12.8,11.6,29.4,65.6,36.2,30,75,,,,,,,,,,18.44,2,5,2,used B30 on tongue1 & tongue/palette2
110,74 MINE04,74 MINE04,2004,27,M,70,40,55,70,50,60,115,0.522,60,50,55,60,60,60,115,0.522,39.7,38.1,1.6,19.2,22.5,19.2,4,,,,,11:10:00,11:59:00,10:47:00,5/19/2004,140,417,56,60.7,169,109,57,24.6,14.1,14.4,36.2,79.9,43.7,23,72,,,,,,,,,,13.89,2,4,2,
120,64 ROWA04,64 ROWA04,2004,24,F,70,40,55,80,70,75,130,0.577,70,50,60,60,70,65,125,0.52,41.4,39.1,2.3,21.7,20.7,21.7,4,,,,,10:14:00,10:55:00,9:48:00,5/20/2004,141,342,53,60.1,152,95,45,22.4,13.3,13,32.3,73.5,41.2,26,67,,,,,,,,,,17.39,2,4,1,
141,CX SLIM04,CX SLIM05,2004,26,M,70,50,60,80,80,80,140,0.571,60,60,60,70,80,75,135,0.556,41.7,,,24.7,,24.7,4,,,,,16:17:00,16:33:00,15:20:00,5/25/2004,146,415,61,58.8,168,111,64,24,14.5,13.6,36.5,77.3,40.8,57,73,,,,,,,,,,21.56,2,4,2,
143,FU SLIM04,FU SLIM05,2004,26,M,70,50,60,70,80,75,135,0.556,70,60,65,80,90,85,150,0.567,41.3,41.2,0.1,24.3,22.3,24.3,4,,,,,16:30:00,16:56:00,15:20:00,5/25/2004,146,387,57,55.5,164,110,60,23.2,13.7,13.3,36.5,74.6,38.1,70,96,,,,,,,,,,21.56,2,4,2,
29,4P BRTN03,BRTN03,2003,24,,60,50,55,70,70,70,125,0.56,50,50,50,50,60,55,105,0.524,40.6,40.7,-0.1,,,14.4,4,11:08:00,11:23:00,15,1,11:04:00,12:03:00,10:34:00,5/17/2003,137,417,55,60.4,156,100,46,22,12.1,13.1,33.6,76,42.4,30,89,54,49.6,56.1,53.8,56.1,53.8,55.1,60.3,55.6,14.39,2,4,2, 
30,7S BRTN03,BRTN03,2003,24,M,60,60,60,80,80,80,140,0.571,,,,,,,,,39.8,,39.8,,,14.4,4,11:45:00,11:55:00,10,4,11:09:00,,10:34:00,5/17/2003,137,407,52,60.4,153,95,47,21.7,12.9,12.7,34.4,76.2,41.8,35,,54,49.6,56.1,53.8,56.1,53.8,55.1,60.3,55.6,14.39,2,4,2, 
49,1L NEWC03,NEWC03,2003,28,F,60,50,55,70,70,70,125,0.56,,,,,,,,,42.1,,,21.1,,21.1,4,,,,3,12:26:00,,12:10:00,5/20/2003,140,342,67,57.2,187,129,80,23.2,12.8,12.3,35.9,77,41.1,16,,71.2,69,73.5,70.9,71.2,69,70.3,73.5,70.9,72.1,2,4,1, 
52,9J NEWC03,NEWC03,2003,28,F,60,50,55,70,60,65,120,0.542,,,,,,,,,42.3,,,21.1,,21.1,4,,,,1,12:40:00,,12:10:00,5/20/2003,140,375,79,55.9,189,134,88,23,12.1,12.3,35.8,77.2,41.4,30,,71.2,69,73.5,70.9,71.2,69,70.3,73.5,70.9,72.1,1,4,1, 
53,5P WARC03,WARC03,2003,31,M,60,50,55,80,70,75,130,0.577,,,,,,,,,42.2,,,21.1,,21.1,4,,,,3,14:27:00,,,5/20/2003,140,455,94,59.9,205,145,109,26.6,14,15,41,82.7,41.7,,,,,,,76.1,72.7,74.7,75.3,73.7,74.4,2,4,2, 
54,6Q WARC03,WARC03,2003,31,M,60,60,60,60,70,65,125,0.52,,,,,,,,,42.3,,,21.1,,21.1,4,,,,4,14:32:00,,,5/20/2003,140,464,90,60.5,201,140,94,25.6,13.7,14.7,40.5,82.3,41.8,,,,,,,76.1,72.7,74.7,75.3,73.7,74.4,2,4,2, 
55,3N WARC03,WARC03,2003,31,M,60,30,45,70,50,60,105,0.571,,,,,,,,,42.1,,,21.1,,21.1,4,,,,1,14:47:00,,,5/20/2003,140,402,100,54.9,203,147,110,24.4,12.4,13.8,36.9,78.1,41.2,,,,,,,76.1,72.7,74.7,75.3,73.7,74.4,2,4,2, 
56,4O WARC03,WARC03,2003,31,F,60,60,60,70,70,70,130,0.538,,,,,,,,,41.9,,,21.1,,21.1,4,,,,2,14:50:00,,,5/20/2003,140,430,95,56.2,203,144,108,24.6,12.2,14,37.2,79.4,42.2,,,,,,,76.1,72.7,74.7,75.3,73.7,74.4,2,4,2, 
91,50 CCLI04,CCLI04,2004,24,M,60,50,55,90,90,90,145,0.621,50,40,45,80,80,80,125,0.64,39.4,39.8,-0.4,,,11.6,4,,,,,12:30:00,12:46:00,12:20:00,5/8/2004,129,452,48,60.9,155,95,43,20.3,12.9,12.6,33.3,75.6,42.3,10,26,,,,,,,,,,11.61,2,4,2,
93,72 CCLI04,72 CCLI04,2004,24,F,60,50,55,80,90,85,140,0.607,40,40,40,60,80,70,110,0.636,40.1,39.4,0.6,,,11.6,4,,,,,12:36:00,13:10:00,12:20:00,5/8/2004,129,373,40,58.6,143,89,34,19.6,12.6,12.6,32.3,70.1,37.8,16,50,,,,,,,,,,11.61,2,4,2,
94,83 CCLI04,83 CCLI04,2004,24,F,60,50,55,90,90,90,145,0.621,50,40,45,70,80,75,120,0.625,39.7,39.4,0.3,,,11.6,4,,,,,12:39:00,13:23:00,12:20:00,5/8/2004,129,325,20,52.9,129,64,23,16.7,11.3,12.3,29.3,64.7,35.4,19,63,,,,,,,,,,11.61,2,4,2,
105,29 LOCO04,29 LOCO04,2004,23,F,60,60,60,90,90,90,150,0.6,70,70,70,90,90,90,160,0.563,42,40.9,1.1,28.3,28.7,28.3,4,,,,,16:15:00,16:46:00,16:07:00,5/17/2004,138,300,41,54.7,138,82,39,20.8,13.2,12,32.4,69.9,37.5,8,39,,,,,,,,,,25.94,2,4,2,
106,30 LOCO04,30 LOCO04,2004,23,M,60,60,60,80,90,85,145,0.586,60,60,60,90,90,90,150,0.6,41.6,40.3,1.3,28.3,28.7,28.3,4,,,,,16:18:00,16:54:00,16:07:00,5/17/2004,138,347,42,57.3,140,82,30,20.4,12.9,12.8,33.4,72.3,38.9,11,47,,,,,,,,,,25.94,2,4,2,
107,41 LOCO04,41 LOCO04,2004,23,F,60,60,60,70,80,75,135,0.556,60,50,55,90,80,85,140,0.607,41.4,40.7,0.7,28.3,28.4,28.3,4,,,,,16:22:00,17:01:00,16:07:00,5/17/2004,138,330,43,53.5,141,84,35,19.9,11.8,12.3,30.9,71,40.1,15,54,,,,,,,,,,25.94,2,4,2,
108,52 LOCO04,52 LOCO04,2004,23,F,60,60,60,80,80,80,140,0.571,70,60,65,90,90,90,155,0.581,41,40.9,0.1,28.3,28.3,28.3,4,,,,,16:25:00,17:10:00,16:07:00,5/17/2004,138,305,32,55.6,125,73,30,19.4,12.6,11.7,30.8,68.2,37.4,18,63,,,,,,,,,,25.94,2,4,2,
111,96 MINE04,96 MINE04,2004,27,F,60,40,50,70,60,65,115,0.565,60,40,50,70,70,70,120,0.583,41,41.4,-0.4,19.3,26.6,19.3,4,,,,,11:15:00,12:17:00,10:47:00,5/19/2004,140,363,73,56.5,175,113,66,22.7,13.7,13.3,35.9,75.5,39.6,28,90,,,,,,,,,,13.89,2,4,2,
112,85 MINE04,85 MINE04,2004,27,F,60,40,50,60,60,60,110,0.545,60,50,55,60,70,65,120,0.542,39.4,40.3,-0.8,19.7,24.1,19.7,4,,,,,11:20:00,12:02:00,10:47:00,5/19/2004,140,390,70,57.9,175,122,70,23.4,14.8,12.8,34.3,77.1,42.8,33,75,,,,,,,,,,13.89,2,4,2,
118,42 ROWA04,42 ROWA04,2004,24,F,60,50,55,80,80,80,135,0.593,70,50,60,80,70,75,135,0.556,40.6,40.6,0.1,21.7,25.1,21.7,4,,,,,10:07:00,10:30:00,9:48:00,5/20/2004,141,358,44,58.5,152,92,43,23.2,13.5,12.5,34.1,74.2,40.1,19,42,,,,,,,,,,17.39,2,4,1,
119,53 ROWA04,53 ROWA04,2004,24,F,60,50,55,70,70,70,125,0.56,60,50,55,60,70,65,120,0.542,41.3,40,1.3,21.7,21.9,21.7,4,,,,,10:10:00,10:42:00,9:48:00,5/20/2004,141,357,53,59.4,159,101,38,23.3,13.4,13.6,34.1,74.5,40.4,22,54,,,,,,,,,,17.39,1,4,1,
121,75 ROWA04,75 ROWA04,2004,24,F,60,40,50,70,70,70,120,0.583,70,40,55,70,70,70,125,0.56,41.2,39.2,2.1,21.7,21.9,21.7,4,,,,,10:19:00,11:05:00,9:48:00,5/20/2004,141,317,35,57.2,137,80,33,21.2,12.6,12.5,33,72.4,39.4,31,77,,,,,,,,,,17.39,2,4,1,
127,21 CAFO04,21 CAFO04,2004,24,F,60,40,50,80,80,80,130,0.615,60,40,50,80,80,80,130,0.615,40.4,39.6,0.8,22.6,21.3,22.6,4,,,,,16:26:00,17:04:00,16:08:00,5/20/2004,141,297,27,53.1,123,69,26,21,12.2,11.7,32.4,72.7,40.3,18,56,,,,,,,,,,20.28,1,4,1,
128,32 CAFO04,32 CAFO04,2004,24,M,60,40,50,80,80,80,130,0.615,50,40,45,90,80,85,130,0.654,39.7,39.3,0.3,22.5,21.3,22.5,4,,,,,16:29:00,17:16:00,16:08:00,5/20/2004,141,333,42,55.8,144,85,32,22,12.7,12.2,35.4,75.5,40.1,21,68,,,,,,,,,,20.28,2,4,1,
137,42 ROWA04,42 ROWA04,2004,24,F,60,50,55,70,70,70,125,0.56,,,,,,,,,41.8,,,27.7,,27.7,4,,,,,13:19:00,,13:13:00,5/24/2004,145,358,44,58.5,152,92,43,23.2,13.5,12.5,34.1,74.2,40.1,6,,,,,,,,,,,26.67,2,4,1,re-measure
139,64 ROWA04,64 ROWA04,2004,24,F,60,40,50,60,60,60,110,0.545,,,,,,,,,42.2,,,28.3,,28.3,4,,,,,13:28:00,,13:13:00,5/24/2004,145,342,53,60.1,152,95,45,22.4,13.3,13,32.3,73.5,41.2,15,,,,,,,,,,,26.67,2,4,1,re-measure
142,DW SLIM04,DW SLIM05,2004,26,F,60,60,60,60,80,70,130,0.538,70,50,60,80,70,75,135,0.556,41.9,41.1,0.8,24.3,22.6,24.3,4,,,,,16:20:00,16:43:00,15:20:00,5/25/2004,146,320,54,54.4,155,99,48,23.4,13.2,12.4,34.3,74,39.7,60,83,,,,,,,,,,21.56,2,4,2,
144,HS SLIM04,HS SLIM05,2004,26,M,60,70,65,70,80,75,140,0.536,70,60,65,70,80,75,140,0.536,40.3,40.6,-0.2,23.9,21.6,23.9,4,,,,,16:38:00,17:06:00,15:20:00,5/25/2004,146,442,66,60.8,171,116,70,23.8,13.4,13.2,35.8,76.9,41.1,78,106,,,,,,,,,,21.56,2,4,2,
31,6R BRTN03,BRTN03,2003,24,F,50,50,50,70,70,70,120,0.583,40,40,40,50,60,55,95,0.579,39.8,39.2,0.6,,,14.4,4,11:34:00,11:45:00,11,3,11:13:00,12:06:00,10:34:00,5/17/2003,137,354,51,55.9,154,95,51,21.6,12.7,13.7,34.5,71.8,37.3,39,92,54,49.6,56.1,53.8,56.1,53.8,55.1,60.3,55.6,14.39,2,4,2, 
32,5Q BRTN03,BRTN03,2003,24,F,50,50,50,70,70,70,120,0.583,30,30,30,40,50,45,75,0.6,39.6,39.8,-0.2,,,14.4,4,11:23:00,11:34:00,11,2,11:22:00,11:58:00,10:34:00,5/17/2003,137,387,53,59.5,152,97,50,21.4,13.6,14.2,33.5,72.6,39.1,48,84,54,49.6,56.1,53.8,56.1,53.8,55.1,60.3,55.6,14.39,2,4,2, 
35,9U MNDY03,MNDY03,2003,29,M,50,50,50,60,60,60,110,0.545,,,,,,,,,41.2,,,20,,20,4,14:23:00,14:32:00,9,2,14:21:00,,13:48:00,5/17/2003,137,450,87,63.8,197,135,85,23.1,13.6,13.5,36.1,80.1,44,33,,62.7,59.3,62.7,60.9,62.7,60.9,61.8,64.3,61.3,62.5,2,4,2, 
40,3D MIPI03,MIPI03,2003,28,M,50,40,45,80,70,75,120,0.625,40,40,40,70,60,65,105,0.619,42,41.3,0.7,22.2,,22.2,4,,,,2,15:36:00,15:58:00,15:15:00,5/19/2003,139,450,81,61.5,187,128,85,23.6,13.4,13.2,36.2,80.5,44.3,21,43,76,73.9,77.3,75.4,76,73.9,75.1,77.3,75.4,76.5,2,4,2,est ObTime
50,2M NEWC03,NEWC03,2003,28,F,50,50,50,60,70,65,115,0.565,,,,,,,,,42.1,,,21.1,,21.1,4,,,,4,12:32:00,,12:10:00,5/20/2003,140,318,64,52.5,179,136,75,21,12.3,11.7,33.9,,,22,,71.2,69,73.5,70.9,71.2,69,70.3,73.5,70.9,72.1,2,4,1, 
51,0K NEWC03,NEWC03,2003,28,F,50,50,50,70,60,65,115,0.565,,,,,,,,,41.1,,,21.1,,21.1,4,,,,2,12:36:00,,12:10:00,5/20/2003,140,252,49,52.3,156,112,70,21.5,11.8,11.6,33.6,71.4,37.8,26,,71.2,69,73.5,70.9,71.2,69,70.3,73.5,70.9,72.1,2,4,1, 
75,88 LENO03,LENO03,2003,30,F,50,50,50,80,80,80,130,0.615,50,50,50,80,80,80,130,0.615,40.6,41.2,-0.6,18.3,,18.3,4,9:19:00,9:37:00,18,1,9:17:00,9:39:00,9:00:00,6/4/2003,155,380,77,61.1,187,131,85,23.6,13.5,12.9,36,77.3,41.3,17,39,57.9,54.2,60.9,57.9,57.9,54.2,55.5,60.9,57.9,59.5,2,4,2, 
88,27 MNDY04,MNDY04,2004,28,F,50,30,40,80,80,80,120,0.667,50,40,45,60,70,65,110,0.591,40.5,40.6,-0.1,,,8.9,4,,,,,9:43:00,10:33:00,9:24:00,5/8/2004,129,400,73,59.3,178,118,74,24,13.3,13.1,38,77.9,39.9,19,69,,,,,,,,,,8.89,2,4,2,
89,16 MNDY04,MNDY05,2004,28,M,50,40,45,70,60,65,110,0.591,40,30,35,60,50,55,90,0.611,40.3,40.4,-0.2,,,8.9,4,,,,,9:48:00,10:08:00,9:24:00,5/8/2004,129,460,72,62.1,185,127,72,25.5,13.5,13.4,39.8,82,42.2,24,44,,,,,,,,,,8.89,2,4,2,
92,61 CCLI04,CCLI04,2004,24,M,50,30,40,50,70,60,100,0.6,60,50,55,80,80,80,135,0.593,40.4,39.8,0.6,,,11.6,4,,,,,12:33:00,13:02:00,12:20:00,5/8/2004,129,453,48,59.6,158,101,49,21.9,13.5,13.4,34.2,76.4,42.2,13,42,,,,,,,,,,11.61,2,4,2,
101,62 WARC04,62 WARC04,2004,26,F,50,50,50,60,70,65,115,0.565,60,40,50,60,60,60,110,0.545,40.8,39.4,1.4,,,14.2,4,,,,,13:48:00,14:34:00,13:21:00,5/16/2004,137,400,62,54.9,169,113,65,25.1,12.8,13.5,36.9,78.9,42,27,73,,,,,,,,,,14.17,2,4,2,
102,73 WARC04,73 WARC04,2004,26,M,50,50,50,60,70,65,115,0.565,50,50,50,60,70,65,115,0.565,41.1,39.5,1.6,,,14.2,4,,,,,13:56:00,14:45:00,13:21:00,5/16/2004,137,423,62,53.1,168,111,71,23,14,15.1,36,77.6,41.6,35,84,,,,,,,,,,14.17,2,4,2,
103,84 WARC04,84 WARC04,2004,26,M,50,50,50,70,70,70,120,0.583,40,50,45,60,70,65,110,0.591,40.7,40.2,0.5,,,14.2,4,,,,,14:02:00,15:21:00,13:21:00,5/16/2004,137,440,63,56.7,176,113,75,25,12.4,13.3,36.3,78.5,42.2,41,120,,,,,,,,,,14.17,2,4,2,
104,95 WARC04,95 WARC04,2004,26,F,50,40,45,80,70,75,120,0.625,50,50,50,80,70,75,125,0.6,39.7,40.1,-0.4,,,14.2,4,,,,,14:07:00,15:36:00,13:21:00,5/16/2004,137,350,55,52.3,159,108,58,24.2,13,13.8,33.1,76.6,43.5,46,135,,,,,,,,,,14.17,2,4,2,
109,63 MINE04,63 MINE04,2004,27,F,50,50,50,70,70,70,120,0.583,50,40,45,70,60,65,110,0.591,40.6,40.6,0.1,21.1,24.9,21.1,4,,,,,11:03:00,11:42:00,10:47:00,5/19/2004,140,385,67,59.2,172,115,64,23,13,12.3,35.1,78.7,43.6,16,55,,,,,,,,,,13.89,2,4,2,
125,09 CAFO04,09 CAFO04,2004,24,M,50,40,45,70,60,65,110,0.591,60,40,50,80,70,75,125,0.6,41,40.7,0.3,22.7,21.9,22.7,4,,,,,16:21:00,16:39:00,16:08:00,5/20/2004,141,407,50,59.4,152,94,39,23.7,13.2,12.4,36.4,78.7,42.3,13,31,,,,,,,,,,20.28,2,4,1,
126,10 CAFO04,10 CAFO04,2004,24,F,50,40,45,80,80,80,125,0.64,60,40,50,90,90,90,140,0.643,40,39.2,0.8,22.7,21.7,22.7,4,,,,,16:24:00,16:51:00,16:08:00,5/20/2004,141,297,32,55.3,130,74,29,21.8,13,11.8,32.3,71.9,39.6,16,43,,,,,,,,,,20.28,2,4,1,
138,53 ROWA04,53 ROWA04,2004,24,F,50,30,40,60,50,55,95,0.579,,,,,,,,,42.6,,,28.4,,28.4,4,,,,,13:25:00,,13:13:00,5/24/2004,145,357,53,59.4,159,101,38,23.3,13.4,13.6,34.1,74.5,40.4,12,,,,,,,,,,,26.67,1,4,1,re-measure
140,75 ROWA04,75 ROWA04,2004,24,F,50,50,50,50,60,55,105,0.524,,,,,,,,,42.2,,,28.3,,28.3,4,,,,,13:30:00,,13:13:00,5/24/2004,145,317,35,57.2,137,80,33,21.2,12.6,12.5,33,72.4,39.4,17,,,,,,,,,,,26.67,2,4,1,re-measure
182,AU CCLI05,CCLI05,2005,30,M,50,30,40,80,80,80,120,0.667,60,40,50,90,70,80,130,0.615,40.9,40.9,0,19.5,,19.5,4,,,,,,14:05:00,,5/18/2005,138,400,98,60.8,211,149,113,22.3,11.6,13.2,35.4,78.3,42.9,,,,,,,,,,,,,2,4,1,
184,BT CCLI05,CCLI05,2005,30,F,50,30,40,80,70,75,115,0.652,,,,,,,,,41.6,,,19.5,,19.5,4,,,,,13:28:00,,,5/18/2005,138,360,75,56,192,134,95,21.2,11.7,12.8,34.4,75.1,40.7,,,,,,,,,,,,,1,4,1,
186,RE CLAR05,CLAR05,2005,31,M,50,50,50,80,80,80,130,0.615,50,30,40,80,70,75,115,0.652,39.9,40.8,-0.9,21.9,,21.9,4,9:29:00,9:41:00,,,9:22:00,9:42:00,,5/18/2005,138,365,95,63.5,208,144,99,25.3,14.1,14.2,39.3,83.4,44.1,,,,,,,,,,,,,2,4,2,
187,UB CLAR05,CLAR05,2005,31,F,50,30,40,80,80,80,120,0.667,40,70,55,70,30,50,105,0.476,40.2,40.9,-0.7,21.9,,21.9,4,9:56:00,10:06:00,,,9:29:00,10:07:00,,5/18/2005,138,365,92,61.1,198,140,86,23.6,11.5,11.8,36.4,78.6,42.2,,,,,,,,,,,,,2,4,2,"FLEDGED, IN TREE"
201,VZ MCUN05,MCUN05,2005,29,F,50,40,45,80,70,75,120,0.625,40,40,40,70,90,80,120,0.667,40.6,40.8,-0.2,23.1,,23.1,4,12:12:00,12:23:00,,,11:20:00,12:23:00,11:07:00,5/20/2005,140,285,57,50.4,168,114,65,18,10.2,12.3,31.3,68.6,37.3,13,76,,,,,,,,,,,2,4,2,
202,UA MCUN05,MCUN05,2005,29,M,50,40,45,80,80,80,125,0.64,40,40,40,80,90,85,125,0.68,40.4,41.4,-1,23.1,,23.1,4,11:57:00,12:11:00,,,11:22:00,12:12:00,11:07:00,5/20/2005,140,285,56,50.3,168,118,65,19.2,11.1,11.2,32.5,71.2,38.7,15,65,,,,,,,,,,,2,4,2,
203,PF MCUN05,MCUN05,2005,30,M,50,30,40,70,70,70,110,0.636,50,40,45,80,80,80,125,0.64,40.7,40.9,-0.2,23.1,,23.1,4,11:38:00,11:48:00,,,11:24:00,11:50:00,11:07:00,5/20/2005,140,365,84,56,202,140,101,21.7,11.8,13,34.9,77.9,43,17,43,,,,,,,,,,,2,4,2,
12,2Y ALOT03,ALOT03,2003,28,F,40,40,40,70,70,70,110,0.636,,,,,,,,,40.7,,,12.8,,12.8,4,11:30:00,11:45:00,15,3,11:07:00,,10:19:00,5/14/2003,134,353,68,58.8,180,122,71,22.7,12.9,12.8,36.1,77,40.9,48,,48.1,46,52.4,47.8,52.4,47.8,49.9,54.9,50.5,52.7,2,4,1, 
13,1X ALOT03,ALOT03,2003,28,F,40,40,40,60,50,55,95,0.579,,,,,,,,,39.6,,,12.8,,12.8,4,11:16:00,11:30:00,14,2,11:11:00,,10:19:00,5/14/2003,134,383,68,58.9,176,118,73,22.4,12,12.3,35,76.3,41.3,52,,48.1,46,52.4,47.8,52.4,47.8,49.9,54.9,50.5,52.7,2,4,1, 
33,8T MNDY03,MNDY03,2003,29,F,40,40,40,60,70,65,105,0.619,,,,,,,,,41.6,,,20,,20,4,14:08:00,14:22:00,14,1,14:08:00,,13:48:00,5/17/2003,137,390,86,60.3,191,134,92,23.6,14,13,35.5,77.6,42.1,20,,62.7,59.3,62.7,60.9,62.7,60.9,61.8,64.3,61.3,62.5,2,4,2, 
34,0V MNDY03,MNDY03,2003,29,F,40,40,40,70,70,70,110,0.636,,,,,,,,,40.8,,,20,,20,4,14:33:00,14:44:00,11,3,14:12:00,,13:48:00,5/17/2003,137,356,74,57.7,175,120,79,21.1,12.1,12,33.7,73.8,40.1,24,,62.7,59.3,62.7,60.9,62.7,60.9,61.8,64.3,61.3,62.5,2,4,2, 
36,1W MNDY03,MNDY03,2003,29,F,40,40,40,70,80,75,115,0.652,,,,,,,,,40.3,,,20,,20,4,14:44:00,14:55:00,11,4,14:27:00,,13:48:00,5/17/2003,137,327,46,55.1,149,94,56,21.1,12.7,11.7,33.2,73.1,39.9,39,,62.7,59.3,62.7,60.9,62.7,60.9,61.8,64.3,61.3,62.5,2,4,2, 
37,2C MIPI03,MIPI03,2003,28,M,40,40,40,60,60,60,100,0.6,40,40,40,70,60,65,105,0.619,41.3,42.3,-1.1,22.2,,22.2,4,15:24:00,,,1,15:24:00,15:55:00,15:15:00,5/19/2003,139,448,83,61.4,190,130,87,23,12.6,12.2,35.6,79.5,43.9,9,40,76,73.9,77.3,75.4,76,73.9,75.1,77.3,75.4,76.5,2,4,2,est ObTime
38,4E MIPI03,MIPI03,2003,28,M,40,40,40,70,80,75,115,0.652,30,30,30,70,80,75,105,0.714,42.2,41.7,0.6,22.2,,22.2,4,15:50:00,,,3,15:28:00,16:11:00,15:15:00,5/19/2003,139,421,69,60.3,172,114,71,21.6,12.9,13.6,34,77.4,43.4,13,56,76,73.9,77.3,75.4,76,73.9,75.1,77.3,75.4,76.5,2,4,2,est ObTime
39,5F MIPI03,MIPI03,2003,28,M,40,30,35,80,80,80,115,0.696,40,40,40,80,80,80,120,0.667,42.2,41.1,1.1,22.2,,22.2,4,16:01:00,,,4,15:32:00,16:15:00,15:15:00,5/19/2003,139,426,75,60.1,184,125,79,23,12.8,13.7,35.6,79.3,43.7,17,60,76,73.9,77.3,75.4,76,73.9,75.1,77.3,75.4,76.5,2,4,2,est ObTime
76,99 LENO03,LENO03,2003,30,F,40,40,40,80,70,75,115,0.652,40,50,45,60,80,70,115,0.609,41.4,40.3,1.1,18.3,,18.3,4,9:38:00,9:51:00,13,2,9:20:00,9:56:00,9:00:00,6/4/2003,155,388,90,59.8,202,145,98,23.3,11.7,13.1,36,78.8,42.8,20,56,57.9,54.2,60.9,57.9,57.9,54.2,55.5,60.9,57.9,59.5,2,4,2, 
77,12 LENO03,LENO03,2003,30,F,40,40,40,60,80,70,110,0.636,40,50,45,70,80,75,120,0.625,40.3,41,-0.7,18.3,,18.3,4,9:50:00,10:06:00,16,3,9:25:00,10:06:00,9:00:00,6/4/2003,155,376,87,59.8,200,140,95,22.8,11.6,12.5,34.7,77.1,42.4,25,66,57.9,54.2,60.9,57.9,57.9,54.2,55.5,60.9,57.9,59.5,2,4,2, 
78,23 LENO03,LENO03,2003,30,F,40,40,40,70,70,70,110,0.636,40,40,40,70,60,65,105,0.619,39.4,40.7,-1.3,18.3,,18.3,4,10:06:00,10:18:00,12,4,9:31:00,10:31:00,9:00:00,6/4/2003,155,398,92,61.9,200,139,93,24.3,12.3,13,38.5,79.1,40.6,31,91,57.9,54.2,60.9,57.9,57.9,54.2,55.5,60.9,57.9,59.5,2,4,2, 
90,38 MNDY04,MNDY06,2004,28,F,40,40,40,60,70,65,105,0.619,50,50,50,80,80,80,130,0.615,38.9,40.3,-1.4,,,8.9,4,,,,,9:52:00,10:37:00,9:24:00,5/8/2004,129,420,67,60,170,114,62,22.8,13.7,12.9,35.1,75.3,40.2,28,73,,,,,,,,,,8.89,2,4,2,
178,UC SWEG05,SWEG05,2005,28,F,40,30,35,60,80,70,105,0.667,20,20,20,70,80,75,95,0.789,39.3,40,-0.7,14.5,,14.5,4,10:41:00,10:58:00,,,10:22:00,10:59:00,,5/17/2005,137,414,83,57.3,192,126,83,24.2,13.4,13.8,37.7,79.5,41.8,,,,,,,,,,,,,2,4,1,JUMPER 9:46
179,KL SWEG05,SWEG05,2005,28,M,40,30,35,80,80,80,115,0.696,40,30,35,60,80,70,105,0.667,40.9,40.1,0.8,14.5,,14.5,4,11:36:00,11:47:00,,,10:27:00,11:47:00,,5/17/2005,137,365,79,57.3,187,130,89,23.5,13,12.6,36.1,77.4,41.3,,,,,,,,,,,,,2,4,1,JUMPER 12.21
180,CT SWEG05,SWEG05,2005,28,F,40,30,35,90,90,90,125,0.72,40,30,35,60,80,70,105,0.667,39.8,39.7,0.1,14.5,,14.5,4,11:01:00,11:10:00,,,10:35:00,11:11:00,,5/17/2005,137,412,83,59.4,190,134,79,23.1,14.9,13.1,36.7,78.9,42.2,,,,,,,,,,,,,2,4,1,
183,CS CCLI05,CCLI05,2005,30,F,40,30,35,80,80,80,115,0.696,50,30,40,80,80,80,120,0.667,40.3,,,19.5,,19.5,4,,,,,13:26:00,,,5/18/2005,138,330,61,56.3,178,120,82,22.4,10.9,12,31.5,73.1,41.6,,,,,,,,,,,,,2,4,1,jumpers--2 died
191,IM DBAR05,DBAR05,2005,22,M,40,20,30,70,70,70,100,0.7,40,40,40,70,60,65,105,0.619,38.9,37.3,1.6,15.7,,15.7,4,10:38:00,10:48:00,,,9:52:00,10:49:00,9:39:00,5/19/2005,139,266,20,54.4,124,68,33,19.8,10.8,11.7,30.9,70.6,39.7,13,70,,,,,,,,,,,2,4,2,
193,EQ DBAR05,DBAR05,2005,23,M,40,30,35,80,70,75,110,0.682,40,30,35,80,70,75,110,0.682,39.4,38.2,1.3,15.7,,15.7,4,10:18:00,10:27:00,,,10:00:00,10:29:00,9:39:00,5/19/2005,139,327,33,56.6,144,87,44,21.7,13.3,12.6,34.8,74.4,39.6,21,50,,,,,,,,,,,2,4,2,
194,FP DBAR05,DBAR05,2005,23,M,40,30,35,70,70,70,105,0.667,40,30,35,70,70,70,105,0.667,37.9,38.7,-0.7,15.7,,15.7,4,10:28:00,10:37:00,,,10:06:00,10:39:00,9:39:00,5/19/2005,139,321,29,56.4,139,80,38,21.4,13.1,12.4,34.9,74,39.1,27,60,,,,,,,,,,,2,4,2,force fledge 12:23
204,SC MCUN05,MCUN05,2005,30,F,40,40,40,80,80,80,120,0.667,50,40,45,80,80,80,125,0.64,41.8,41.6,0.2,23.1,,23.1,4,11:49:00,11:57:00,,,11:29:00,11:57:00,11:07:00,5/20/2005,140,320,88,55.3,200,144,101,21.6,11,12.4,34.1,75.1,41,22,50,,,,,,,,,,,2,4,2,
219,MH NEEL05,NEEL05,2005,30,F,40,50,45,70,80,75,120,0.625,40,30,35,70,80,75,110,0.682,39.3,38.8,0.6,14.2,,14.2,4,9:42:00,9:52:00,,,8:52:00,9:53:00,8:42:00,5/22/2005,142,347,79,55.5,193,138,92,23.7,12.6,12.8,35.9,77.6,41.7,10,71,,,,,,,,,,,2,4,1,ALL EXPLOSIVE/FLUSHED AT LADDER
220,JK NEEL05,NEEL05,2005,30,M,40,50,45,70,80,75,120,0.625,40,30,35,70,80,75,110,0.682,39.9,40,-0.1,14.2,,14.2,4,9:12:00,9:23:00,,,8:55:00,9:24:00,8:42:00,5/22/2005,142,423,97,58.9,206,149,105,24.7,13.8,14.5,38.4,81.3,42.9,13,42,,,,,,,,,,,2,4,1,ALL EXPLOSIVE/FLUSHED AT LADDER
221,IL NEEL05,NEEL05,2005,30,M,40,40,40,60,80,70,110,0.636,40,30,35,80,80,80,115,0.696,38.4,39.3,-0.8,14.2,,14.2,4,9:03:00,9:29:00,,,8:58:00,9:30:00,8:42:00,5/22/2005,142,372,79,59.3,190,135,93,22.3,12,12.8,35.1,77.9,42.8,16,48,,,,,,,,,,,2,4,1,ALL EXPLOSIVE/FLUSHED AT LADDER
10,0W ALOT03,ALOT03,2003,28,M,30,20,25,60,30,45,70,0.643,,,,,,,,,40.2,,,12.8,,12.8,4,10:58:00,11:16:00,18,1,10:57:00,,10:19:00,5/14/2003,134,394,72,63.1,183,128,80,22.8,13,12.1,36.4,78.8,42.4,38,,48.1,46,52.4,47.8,48.1,46,47.1,52.4,47.8,49.9,1,4,1, 
11,3Z ALOT03,ALOT03,2003,28,M,30,30,30,70,70,70,100,0.7,,,,,,,,,40.3,,,12.8,,12.8,4,11:47:00,12:03:00,16,4,11:04:00,,10:19:00,5/14/2003,134,450,78,63.7,188,128,75,23.9,13.7,12.5,34.7,81.6,46.9,45,,48.1,46,52.4,47.8,52.4,47.8,49.9,54.9,50.5,52.7,1,4,1, 
181,IN SWEG05,SWEG05,2005,28,F,30,40,35,80,90,85,120,0.708,40,30,35,80,80,80,115,0.696,39.1,38.4,0.7,14.5,,14.5,4,11:12:00,11:35:00,,,10:40:00,11:38:00,,5/17/2005,137,362,69,59.7,182,122,77,21.5,13.3,12.7,33.9,75.5,41.6,,,,,,,,,,,,,1,4,1,
185,SD CLAR05,CLAR05,2005,31,F,30,40,35,80,80,80,115,0.696,50,40,45,70,90,80,125,0.64,41.6,41.2,0.4,21.9,,21.9,4,9:42:00,9:55:00,,,9:19:00,9:56:00,,5/18/2005,138,352,98,62.6,203,144,100,24.8,12.1,12.7,37.4,80,42.6,,,,,,,,,,,,,2,4,2,"FLEDGED, IN TREE"
192,DR DBAR05,DBAR05,2005,23,F,30,20,25,70,60,65,90,0.722,40,30,35,80,70,75,110,0.682,39.4,39.3,0.1,15.7,,15.7,4,10:09:00,10:17:00,,,9:57:00,10:19:00,9:39:00,5/19/2005,139,348,38,59.3,159,98,51,20.2,12.2,12.2,33.7,74.3,40.6,18,40,,,,,,,,,,,2,4,2,
222,KJ NEEL05,NEEL05,2005,30,M,30,20,25,70,70,70,95,0.737,30,20,25,80,80,80,105,0.762,38.1,38,0.1,14.2,,14.2,4,9:30:00,9:42:00,,,9:00:00,9:42:00,8:42:00,5/22/2005,142,365,68,55.2,183,130,82,24.6,12.7,13.3,37.1,79.6,42.5,18,60,,,,,,,,,,,1,4,1,ALL EXPLOSIVE/FLUSHED AT LADDER
123,97 MSAL04,97 MSAL04,2004,32,F,70,50,60,60,60,60,120,0.5,60,50,55,60,70,65,120,0.542,41.7,42.2,-0.5,23.9,27.6,23.9,3,,,,,13:58:00,14:36:00,13:34:00,5/20/2004,141,360,84,59.3,204,142,102,23.5,12.3,13.2,35.8,78,42.2,24,62,,,,,,,,,,22.28,2,3,2,
132,76 EPIN04,76 EPIN04,2004,27,F,70,40,55,70,70,70,125,0.56,60,50,55,80,80,80,135,0.593,41.7,41.8,-0.1,23.1,,23.1,3,,,,,12:49:00,13:21:00,12:26:00,5/23/2004,144,425,79,59.5,182,129,84,22.9,11.6,12.6,33.8,77,43.2,23,55,,,,,,,,,,21.22,2,3,2,
133,87 EPIN04,87 EPIN04,2004,27,F,70,70,70,70,80,75,145,0.517,60,60,60,70,70,70,130,0.538,42.2,40.9,1.2,22.9,,22.9,3,,,,,12:52:00,13:49:00,12:26:00,5/23/2004,144,412,57,57.2,171,112,71,21.5,10.2,11.8,33.4,74.6,41.2,26,83,,,,,,,,,,21.22,2,3,2,
7,1N JUDD03,JUDD03,2003,25,F,60,,60,70,,70,130,0.538,40,,40,60,,60,100,0.6,39.8,39.7,0.1,15.6,,15.6,3,12:39:00,12:57:00,18,1,12:38:00,13:36:00,12:10:00,5/12/2003,132,398,52,58.1,164,111,64,21.8,12.7,12.3,32.7,76.4,43.7,28,86,52.9,50.7,53.6,50.7,52.9,50.7,51.6,53.6,50.7,52,2,3,1, 
82,67 TURF03,TURF03,2003,20,M,60,60,60,80,80,80,140,0.571,60,60,60,80,80,80,140,0.571,39.1,38.4,0.7,13.9,,13.9,3,10:47:00,11:02:00,15,1,10:46:00,11:06:00,10:26:00,6/5/2003,156,363,26,57.8,118,62,29,20.8,12.3,10.6,31.6,70.4,38.8,20,40,61.6,59.1,64.3,61.1,61.6,59.1,60.2,64.3,61.1,62.9,2,3,2, 
83,78 TURF03,TURF03,2003,20,F,60,60,60,90,90,90,150,0.6,60,60,60,90,80,85,145,0.586,38.2,38.4,-0.2,13.9,,13.9,3,11:07:00,11:18:00,11,2,10:49:00,11:20:00,10:26:00,6/5/2003,156,357,32,58.4,127,70,31,19.7,12.6,11.3,31.5,70.7,39.2,23,54,61.6,59.1,64.3,61.1,61.6,59.1,60.2,64.3,61.1,62.9,2,3,2, 
84,89 TURF03,TURF03,2003,20,F,60,60,60,90,90,90,150,0.6,60,60,60,90,90,90,150,0.6,40.1,38.3,1.8,13.9,,13.9,3,11:20:00,11:36:00,16,3,10:54:00,11:37:00,10:26:00,6/5/2003,156,322,22,54.1,112,59,22,19.5,12.4,11.1,29.9,67.3,37.4,28,71,61.6,59.1,64.3,61.1,61.6,59.1,60.2,64.3,61.1,62.9,2,3,2, 
98,39 FOWA04,39 FOWA04,2004,24,F,60,60,60,70,70,70,130,0.538,60,60,60,70,80,75,135,0.556,41.3,40.7,0.6,22.8,,22.8,3,,,,,17:23:00,18:13:00,17:07:00,5/14/2004,135,385,50,60.5,165,104,57,22.9,12,11.9,33.7,75.8,42.1,16,66,,,,,,,,,,21.67,2,3,1,
134,98 EPIN04,98 EPIN04,2004,27,M,60,40,50,60,70,65,115,0.565,70,60,65,80,80,80,145,0.552,41.8,41.3,0.4,23.3,27.5,23.3,3,,,,,12:55:00,14:12:00,12:26:00,5/23/2004,144,417,51,59.3,166,118,64,23.1,13.2,12.8,34.4,77.8,43.4,29,106,,,,,,,,,,21.22,2,3,2,
149,CW WKAY04,CW WKAY05,2004,27,F,60,50,55,80,80,80,135,0.593,,,,,,,,,42,,,22.5,,22.5,3,,,,,10:10:00,,9:51:00,6/1/2004,153,311,73,56.6,174,121,73,22.4,12.4,11.6,34.2,76.2,42,19,,,,,,,,,,,18.11,2,3,2,
151,LO SEPG04,LO SEPG05,2004,24,F,60,50,55,70,80,75,130,0.577,70,50,60,90,99,94.5,154.5,0.612,42.3,42.2,0.1,,27.5,21.6,3,,,,,12:51:00,13:26:00,12:43:00,6/1/2004,153,360,47,57.3,154,100,55,21.5,12.5,12.6,33.4,73.2,39.8,8,43,,,,,,,,,,21.56,2,3,2,re-measure
152,MN SEPG04,MN SEPG05,2004,24,F,60,60,60,70,80,75,135,0.556,70,50,60,80,80,80,140,0.571,41.1,42,-0.9,25.3,25,25.3,3,,,,,12:53:00,13:33:00,12:43:00,6/1/2004,153,348,50,53.9,160,102,59,21.2,12.6,12.3,35.2,73.6,38.4,10,50,,,,,,,,,,21.56,2,3,2,re-measure
190,ZW GENR05,GENR05,2005,31,M,60,50,55,70,70,70,125,0.56,60,50,55,90,80,85,140,0.607,39.2,41.9,-2.8,22.4,,22.4,3,,,,,11:41:00,,11:24:00,5/18/2005,138,415,82,58,196,140,90,23.1,13.3,12.2,36.7,79.8,43.1,17,,,,,,,,,,,,2,3,2,Assessment Time2 unknown
214,GN PECI05,PELI05,2005,25,F,60,50,55,80,90,85,140,0.607,40,50,45,80,90,85,130,0.654,39.6,39.8,-0.2,19.5,,19.5,3,15:55:00,16:08:00,,,15:38:00,16:08:00,15:31:00,5/21/2005,141,429,52,58.8,148,97,52,21.5,12.1,13.2,33.5,74.2,40.7,7,37,,,,,,,,,,,2,3,2,
8,2O JUDD03,JUDD03,2003,25,F,50,,50,70,,70,120,0.583,40,,40,80,,80,120,0.667,40.6,39.1,1.5,15.6,,15.6,3,12:59:00,13:13:00,14,2,12:43:00,13:33:00,12:10:00,5/12/2003,132,405,56,59.4,160,104,47,21.5,12.8,12.9,33.6,74.4,40.8,33,83,52.9,50.7,53.6,50.7,52.9,50.7,51.6,53.6,50.7,52,2,3,1, 
9,3P JUDD03,JUDD03,2003,25,F,50,,50,80,,80,130,0.615,40,,40,70,,70,110,0.636,40.6,40.9,-0.3,15.6,,15.6,3,13:13:00,13:29:00,16,3,12:46:00,13:30:00,12:10:00,5/12/2003,132,380,77,60.7,178,121,70,22.1,11.6,11.8,33.1,74.4,41.3,36,80,52.9,50.7,53.6,50.7,52.9,50.7,51.6,53.6,50.7,52,2,3,1, 
58,3X TARY03,TARY03,2003,21,M,50,40,45,80,70,75,120,0.625,30,30,30,60,60,60,90,0.667,40.1,38.1,2,20,,20,3,14:45:00,15:01:00,16,2,14:37:00,15:04:00,14:08:00,5/22/2003,142,235,23,51.7,119,69,24,19.3,12.4,11.2,28.4,67.6,39.2,29,56,65.2,63.2,67.2,64.2,65.2,63.2,64.3,67.2,64.2,65.5,2,3,2, 
95,94 TRUP04,94 TRUP04,2004,29,M,50,50,50,70,70,70,120,0.583,40,50,45,70,80,75,120,0.625,42.7,41,1.7,31.3,,31.3,3,,,,,13:01:00,13:37:00,12:38:00,5/12/2004,133,417,88,59.1,196,131,94,25.6,12.5,14.5,37.3,94,56.7,23,59,,,,,,,,,,28.22,2,3,2,
97,28 TRUP04,28 TRUP04,2004,29,F,50,50,50,70,70,70,120,0.583,,,,,,,,,42.9,,,31.1,,31.1,3,,,,,13:10:00,,12:38:00,5/12/2004,133,351,81,56,186,132,92,23.6,11.4,13.8,36.9,77.6,40.7,32,,,,,,,,,,,28.22,2,3,2,
99,51 FOWA04,51 FOWA04,2004,24,M,50,50,50,60,80,70,120,0.583,60,60,60,80,90,85,145,0.586,40.6,39.9,0.7,22.8,,22.8,3,,,,,17:27:00,18:46:00,17:07:00,5/14/2004,135,367,42,59.8,151,89,54,23.6,12.7,12.6,35.6,78.2,42.6,20,99,,,,,,,,,,21.67,2,3,1,
100,40 FOWA04,40 FOWA04,2004,24,M,50,60,55,70,80,75,130,0.577,60,60,60,80,80,80,140,0.571,40,40,0,22.8,,22.8,3,,,,,17:33:00,18:25:00,17:07:00,5/14/2004,135,354,43,56.7,142,88,48,21.8,12.7,12.6,33.6,76,42.4,26,78,,,,,,,,,,21.67,1,3,1,
122,86 MSAL04,86 MSAL04,2004,32,M,50,30,40,50,50,50,90,0.556,60,40,50,60,60,60,110,0.545,42.2,42.7,-0.5,24.3,29.5,24.3,3,,,,,13:54:00,14:19:00,13:52:00,5/20/2004,141,425,105,61.8,224,162,120,26.4,13.3,14.4,39.8,84.7,44.9,2,27,,,,,,,,,,22.28,2,3,2,"86 left nest at 13:34, but was recovered at 13:52"
129,43 BRBI04,43 BRBI04,2004,26,F,50,40,45,70,80,75,120,0.625,50,40,45,70,70,70,115,0.609,41.3,40.6,0.7,23.4,23.8,23.4,3,,,,,10:08:00,10:35:00,9:58:00,5/21/2004,142,390,62,58.3,168,108,59,23.6,13.5,13.4,36.4,76.5,40.1,10,37,,,,,,,,,,18.56,2,3,2,
130,54 BRBI04,54 BRBI04,2004,26,M,50,30,40,60,70,65,105,0.619,60,60,60,80,90,85,145,0.586,41.2,41.2,0,24.7,22.8,24.7,3,,,,,10:12:00,10:52:00,9:58:00,5/21/2004,142,408,56,61.8,172,110,61,23.6,11.7,13,37.2,77.2,40,14,54,,,,,,,,,,18.56,2,3,2,
131,65 BRBI04,65 BRBI04,2004,26,F,50,50,50,80,70,75,125,0.6,50,50,50,80,80,80,130,0.615,40.4,41.2,-0.8,24.2,22.7,24.2,3,,,,,10:16:00,11:04:00,9:58:00,5/21/2004,142,400,60,59.1,171,111,65,22.7,12.8,13,34.4,76.1,41.7,18,66,,,,,,,,,,18.56,2,3,2,
148,BX WKAY04,BX WKAY05,2004,27,F,50,40,45,70,70,70,115,0.609,70,40,55,80,70,75,130,0.577,41.4,40.7,0.7,21.3,28.3,21.3,3,,,,,10:05:00,10:37:00,9:51:00,6/1/2004,153,308,68,54.4,172,122,76,21.8,12.6,11.5,35.1,73.2,38.1,14,46,,,,,,,,,,18.11,2,3,2,
153,FT CLAR04,FT CLAR05,2004,28,M,50,30,40,70,50,60,100,0.6,50,40,45,70,60,65,110,0.591,40.9,41.4,-0.6,24.6,,24.6,3,,,,,13:26:00,14:25:00,12:53:00,6/6/2004,158,435,77,60.2,188,134,93,25.7,12.8,13.5,37.6,81.1,43.5,33,92,,,,,,,,,,14.89,1,3,1,
154,GS CLAR04,GS CLAR05,2004,29,M,50,50,50,70,60,65,115,0.565,40,40,40,70,60,65,105,0.619,41.3,41.4,-0.1,24.6,,24.6,3,,,,,13:31:00,14:20:00,12:53:00,6/6/2004,158,450,99,61.8,209,152,112,26.3,13.3,14.7,34.4,84.9,50.5,38,87,,,,,,,,,,14.89,2,3,1,
155,IP CLAR04,IP CLAR05,2004,28,F,50,50,50,70,70,70,120,0.583,50,50,50,60,70,65,115,0.565,41.3,41.1,0.2,24.6,22.8,24.6,3,,,,,13:35:00,14:39:00,12:53:00,6/6/2004,158,372,84,60.1,189,136,93,23.2,12.6,13.2,34.9,78.2,43.3,42,106,,,,,,,,,,14.89,2,3,1,
189,WZ GENR05,GENR05,2005,31,M,50,50,50,60,70,65,115,0.565,90,40,65,80,70,75,140,0.536,40.9,42.1,-1.1,22.4,,22.4,3,,,,,11:36:00,11:58:00,11:24:00,5/18/2005,138,432,100,59.1,210,152,110,24,12.6,13.6,39.2,80.6,41.4,12,34,,,,,,,,,,,2,3,2,
210,AT EHCR05,EHCR05,2005,25,M,50,40,45,80,70,75,120,0.625,40,40,40,80,50,65,105,0.619,40.9,40.2,0.8,13.9,,13.9,3,8:39:00,8:46:00,,,8:34:00,8:47:00,8:32:00,5/21/2005,141,415,50,64.2,167,107,55,22.6,12.95,12.8,36.4,80.3,43.9,2,15,,,,,,,,,,,2,3,2,
212,CR EHCR05,EHCR05,2005,25,F,50,50,50,70,60,65,115,0.565,40,50,45,70,70,70,115,0.609,40.9,40.6,0.3,13.9,,13.9,3,8:55:00,9:08:00,,,8:37:00,9:09:00,8:32:00,5/21/2005,141,343,46,59.7,156,98,57,21.4,12.4,12.1,33.8,74.5,40.7,5,37,,,,,,,,,,,2,3,2,
216,FO PECI05,PELI05,2005,25,F,50,40,45,80,90,85,130,0.654,40,40,40,80,90,85,125,0.68,39.9,38.9,1,19.5,,19.5,3,15:48:00,16:01:00,,,15:43:00,16:03:00,15:31:00,5/21/2005,141,397,46,60.7,148,90,45,22.2,12.6,13.8,35,75.6,40.6,12,32,,,,,,,,,,,2,3,2,
16,9A HOMS03,HOMS03,2003,29,M,40,40,40,70,70,70,110,0.636,20,40,30,60,70,65,95,0.684,41.3,40.3,0.9,16.7,,16.7,3,10:08:00,10:28:00,20,1,10:11:00,11:03:00,9:43:00,5/15/2003,135,325,76,59.6,189,129,87,22,12.6,12,33.8,75.7,41.9,28,80,54.9,44.6,58.2,54.8,58.2,54.8,56.5,61.2,57.9,59.6,2,3,2, 
17,0B HOMS03,HOMS03,2003,29,F,40,30,35,80,60,70,105,0.667,40,40,40,80,70,75,115,0.652,41.8,41.7,0.2,16.7,,16.7,3,10:28:00,10:42:00,14,2,10:14:00,11:01:00,9:43:00,5/15/2003,135,325,80,60.2,189,131,83,22.6,12.6,12.2,35.2,76.6,41.4,31,78,54.9,44.6,58.2,54.8,58.2,54.8,56.5,61.2,57.9,59.6,2,3,2, 
18,1C HOMS03,HOMS03,2003,29,M,40,30,35,70,70,70,105,0.667,50,30,40,80,70,75,115,0.652,41.6,41.8,-0.3,16.7,,16.7,3,10:43:00,,,3,10:18:00,10:58:00,9:43:00,5/15/2003,135,367,86,61.9,199,136,86,23.6,14.2,12.4,37.3,80,42.7,35,75,54.9,44.6,58.2,54.8,58.2,54.8,56.5,61.2,57.9,59.6,2,3,2, 
47,7H ECRI03,ECRI03,2003,26,F,40,40,40,70,60,65,105,0.619,,,,,,,,,41.4,,,18.3,,18.3,3,,,,2,10:49:00,,,5/20/2003,140,344,69,57.2,171,114,72,22,11.4,12.8,34,75.5,41.5,,,,,,,67.6,62.4,65.2,69.9,67.4,68.6,2,3,1, 
48,6G ECRI03,ECRI03,2003,26,M,40,40,40,70,70,70,110,0.636,,,,,,,,,41.1,,,18.3,,18.3,3,,,,1,10:52:00,,,5/20/2003,140,327,65,58.4,178,120,78,21.9,12.2,11.9,35,75.2,40.2,,,,,,,67.6,62.4,65.2,69.9,67.4,68.6,2,3,1, 
59,2W TARY03,TARY03,2003,21,M,40,40,40,60,70,65,105,0.619,,,,,,,,,38.8,,,20,,20,3,14:25:00,14:45:00,20,1,14:47:00,,14:08:00,5/22/2003,142,250,31,53.8,130,77,34,20.6,12.3,11.5,30.8,71.1,40.3,39,,65.2,63.2,67.2,64.2,65.2,63.2,64.3,67.2,64.2,65.5,2,3,2, 
65,05 EOCR03,EOCR03,2003,31,F,40,40,40,60,70,65,105,0.619,40,40,40,60,60,60,100,0.6,40.3,40.2,0.1,12.8,,12.8,3,,,,2,9:39:00,10:09:00,,5/26/2003,146,435,84,59.3,198,139,91,24.4,12.7,14.1,37.6,80.3,42.7,,,,,,,53.6,52.6,53,53.7,53.1,53.5,2,3,2, 
66,04 EOCR03,EOCR03,2003,31,M,40,40,40,60,60,60,100,0.6,40,40,40,50,50,50,90,0.556,40.9,41.1,-0.2,12.8,,12.8,3,,,,1,9:45:00,10:13:00,,5/26/2003,146,470,106,62.8,222,157,114,26.5,14.2,14.2,38.8,85.2,46.4,,,,,,,53.6,52.6,53,53.7,53.1,53.5,2,3,2, 
67,06 EOCR03,EOCR03,2003,31,F,40,40,40,50,60,55,95,0.579,40,40,40,50,60,55,95,0.579,41.4,41.6,-0.1,12.8,,12.8,3,,,,3,9:50:00,10:15:00,,5/26/2003,146,400,109,59.3,210,146,108,24.4,12.1,13.6,38.2,81.4,43.2,,,,,,,53.6,52.6,53,53.7,53.1,53.5,2,3,2, 
96,17 TRUP04,17 TRUP04,2004,29,F,40,40,40,70,70,70,110,0.636,50,60,55,70,80,75,130,0.577,42.1,41.4,0.6,30.1,,30.1,3,,,,,13:05:00,14:07:00,12:38:00,5/12/2004,133,386,87,56,195,134,85,24.6,11.2,13.4,37.7,77.5,39.8,27,89,,,,,,,,,,28.22,2,3,2,
124,SA-RA MSAL04,SA-RA MSAL05,2004,31,F,40,,40,60,,60,100,0.6,40,,40,70,,70,110,0.636,38.6,38.5,0.1,23.8,28.3,23.8,3,,,,,14:02:00,14:50:00,13:34:00,5/20/2004,141,147,17,47.4,106,60,28,18.4,10.4,10.1,27.2,64.8,37.6,28,76,,,,,,,,,,22.28,2,3,2,
150,DV WKAY04,DV WKAY05,2004,27,F,40,40,40,50,50,50,90,0.556,60,30,45,50,40,45,90,0.5,41.3,42.3,-1,23.6,28.3,23.6,3,,,,,10:13:00,11:13:00,9:51:00,6/1/2004,153,306,62,53.8,168,118,75,22.1,14.8,12.6,34.7,74.8,40.1,22,82,,,,,,,,,,18.11,2,3,2,
161,FQ FOPA05,FOPA05,2005,24,M,40,40,40,70,80,75,115,0.652,60,40,50,80,90,85,135,0.63,40.1,40.3,-0.2,14.9,,14.9,3,16:07:00,16:17:00,,,15:38:00,16:18:00,15:27:00,5/16/2005,136,375,51,61.3,163,103,60,20.4,12.8,12.7,33.5,74.8,41.3,11,51,,,,,,,,,,,2,3,2,bled before gape color
162,ER FOPA05,FOPA05,2005,24,F,40,40,40,70,80,75,115,0.652,60,30,45,80,90,85,130,0.654,39.1,37.5,1.6,14.9,,14.9,3,15:58:00,16:07:00,,,15:40:00,16:16:00,15:27:00,5/16/2005,136,350,50,58.8,149,92,46,20.3,11.4,11.5,31.8,72.1,40.3,13,49,,,,,,,,,,,2,3,2,bled before gape color
163,DS FOPA05,FOPA05,2005,24,F,40,40,40,80,80,80,120,0.667,50,40,45,80,80,80,125,0.64,40.3,39.3,1,14.9,,14.9,3,15:37:00,16:14:00,,,15:41:00,16:20:00,15:27:00,5/16/2005,136,351,49,57.9,153,96,58,19.8,11.6,12.1,32.7,72.8,40.1,14,53,,,,,,,,,,,2,3,2,"bled before gape color; time2 estimated to be 16:20
"
173,MK STAD05,STAD05,2005,27,M,40,30,35,70,70,70,105,0.667,30,30,30,80,70,75,105,0.714,40.3,39.7,0.6,15.1,,15.1,3,9:16:00,9:25:00,,,9:04:00,9:26:00,8:45:00,5/16/2005,136,287,41,53.5,160,100,39,21.3,11.9,12,34.4,71.7,37.3,19,41,,,,,,,,,,,2,3,2,bled before gape color
188,YX GENR05,GENR05,2005,31,M,40,40,40,60,80,70,110,0.636,70,40,55,80,80,80,135,0.593,40.9,42.4,-1.6,22.4,,22.4,3,,,,,11:34:00,12:01:00,11:24:00,5/18/2005,138,415,99,59.1,219,158,108,23.9,13.4,13.5,37.1,81.6,44.5,10,37,,,,,,,,,,,2,3,2,
211,BS EHCR05,EHCR05,2005,25,M,40,30,35,60,60,60,95,0.632,50,40,45,70,70,70,115,0.609,40.6,40.2,0.4,13.9,,13.9,3,8:46:00,8:52:00,,,8:35:00,8:56:00,8:32:00,5/21/2005,141,372,50,62.6,159,99,54,21.2,11.6,12.2,35,77.7,42.7,3,24,,,,,,,,,,,2,3,2,
215,HM PECI05,PELI05,2005,25,F,40,30,35,80,90,85,120,0.708,70,50,60,90,90,90,150,0.6,40.8,40.8,-0.1,19.5,,19.5,3,16:00:00,16:09:00,,,15:40:00,16:11:00,15:31:00,5/21/2005,141,392,53,59.2,162,104,55,21,13,12.7,33.8,74.3,40.5,9,40,,,,,,,,,,,2,3,2,
57,4Y TARY03,TARY03,2003,21,F,30,30,30,50,60,55,85,0.647,40,40,40,60,60,60,100,0.6,39.7,39.7,0.1,20,,20,3,15:02:00,15:15:00,13,3,14:33:00,15:18:00,14:08:00,5/22/2003,142,282,39,53.4,132,79,35,20.3,12.5,11.1,32.6,70.6,38,25,70,65.2,63.2,67.2,64.2,65.2,63.2,64.3,67.2,64.2,65.5,2,3,2, 
62,5Z TRUP03,TRUP03,2003,27,M,30,30,30,50,60,55,85,0.647,30,30,30,60,60,60,90,0.667,41.3,40.7,0.6,15.6,,15.6,3,10:45:00,11:01:00,16,1,10:44:00,11:05:00,10:22:00,5/23/2003,143,342,72,59.4,192,131,92,22.7,13,12.8,35.7,79.2,43.5,22,43,56.8,54.6,58.1,56.3,56.8,54.6,56,58.1,56.3,57.1,2,3,2, 
63,00 TRUP03,TRUP03,2003,27,F,30,30,30,50,50,50,80,0.625,30,30,30,50,50,50,80,0.625,39.7,40.3,-0.7,15.6,,15.6,3,11:02:00,11:15:00,13,2,10:48:00,11:18:00,10:22:00,5/23/2003,143,297,58,56.2,177,123,78,21.1,11.5,12,32.9,74.6,41.7,26,56,56.8,54.6,58.1,56.3,56.8,54.6,56,58.1,56.3,57.1,2,3,2, 
64,01 TRUP03,TRUP03,2003,27,M,30,30,30,60,50,55,85,0.647,30,30,30,70,60,65,95,0.684,40.7,41.1,-0.4,15.6,,15.6,3,11:16:00,11:28:00,12,3,10:49:00,11:30:00,10:22:00,5/23/2003,143,297,55,56.9,172,114,79,21.6,12.5,12.2,32.9,76.4,43.5,27,68,56.8,54.6,58.1,56.3,56.8,54.6,56,58.1,56.3,57.1,2,3,2, 
171,KM STAD05,STAD05,2005,27,M,30,30,30,70,70,70,100,0.7,40,40,40,90,70,80,120,0.667,40.4,40.4,0,15.1,,15.1,3,9:01:00,9:16:00,,,9:01:00,9:24:00,8:45:00,5/16/2005,136,355,48,54.8,158,98,34,22.3,12.8,12.6,34.3,74.5,40.2,16,39,,,,,,,,,,,2,3,2,bled before gape color
172,NJ STAD05,STAD05,2005,27,M,30,80,55,70,70,70,125,0.56,50,50,50,80,80,80,130,0.615,41.2,41.4,-0.3,15.1,,15.1,3,9:26:00,9:38:00,,,9:02:00,9:39:00,8:45:00,5/16/2005,136,394,72,58.5,188,125,82,23.8,12.7,13.6,37.6,78.1,40.5,17,54,,,,,,,,,,,2,3,2,bled before gape color
46,8I ECRI03,ECRI03,2003,26,F,20,20,20,70,60,65,85,0.765,,,,,,,,,41.2,,,18.3,,18.3,3,,,,3,10:41:00,,,5/20/2003,140,250,36,55.8,140,84,47,20,11.6,10.8,30.1,70.1,40,,,,,,,67.6,62.4,65.2,69.9,67.4,68.6,1,3,1, 
71,33 ORHA03,ORHA03,2003,33,M,20,30,25,40,50,45,70,0.643,30,30,30,60,60,60,90,0.667,41.3,41.2,0.2,25,,25,3,,,,2,12:05:00,12:52:00,10:53:00,5/28/2003,148,410,91,60,201,141,101,25.1,12.8,13.6,38.5,82.2,43.7,72,119,59.3,56.2,63,59.2,63,59.2,61.1,65.8,62.2,63.9,1,3,1, 
70,22 ORHA03,ORHA03,2003,33,F,10,20,15,20,30,25,40,0.625,30,30,30,50,60,55,85,0.647,41.6,41.3,0.3,25,,25,3,12:02:00,12:15:00,13,1,12:00:00,12:07:00,10:53:00,5/28/2003,148,433,104,60.3,216,156,115,25.2,12.8,13.3,37.8,81.1,43.3,67,74,59.3,56.2,63,59.2,63,59.2,61.1,65.8,62.2,63.9,2,3,1, 
87,13 DYCE03,DYCE03,2003,24,F,60,60,60,80,80,80,140,0.571,40,40,40,80,80,80,120,0.667,40.3,38.3,2,20.9,,20.9,2,,,,2,10:11:00,11:10:00,9:50:00,6/15/2003,166,291,19,56.2,116,56,23,20.6,10,11.4,31.7,70.3,38.7,21,80,61.9,58.6,64.8,61.8,64.8,61.8,62.8,68.3,64.3,66.3,2,2,2, 
145,IR SWEG04,IR SWEG05,2004,27,M,60,40,50,80,70,75,125,0.6,60,50,55,80,70,75,130,0.577,41.4,41.3,0.1,18.9,20.3,18.9,2,,,,,9:56:00,10:11:00,9:34:00,5/26/2004,147,405,70,57,181,130,80,24.5,13.9,13.1,38.5,80.8,42.3,22,37,,,,,,,,,,16.56,2,2,1,
169,ZX HAPA05,HAPA05,2005,26,M,60,50,55,90,90,90,145,0.621,60,50,55,80,90,85,140,0.607,40.6,39.6,1.1,,,,2,13:57:00,14:07:00,,,13:56:00,14:13:00,13:44:00,5/16/2005,136,480,68,58.9,176,117,64,23.3,12.8,13.3,36.7,79.1,42.4,12,29,,,,,,,,,,,2,2,2,
74,66 MMUR03,MMUR03,2003,27,,50,30,40,60,50,55,95,0.579,50,60,55,50,60,55,110,0.5,40.7,41.2,-0.4,18.3,,18.3,2,12:30:00,,,2,12:18:00,12:43:00,11:54:00,5/29/2003,149,366,68,61.4,185,129,74,23.2,13.7,12.8,37.3,78.7,41.4,24,49,63.7,60.2,67.4,63.1,67.4,63.1,64.9,69,66.1,67.7,2,2,2, 
80,45 CALD03,CALD03,2003,25,F,50,60,55,,90,90,145,0.621,50,50,50,70,80,75,125,0.6,40.8,40.9,-0.1,13.9,,13.9,2,8:50:00,9:02:00,12,1,8:48:00,9:04:00,8:37:00,6/5/2003,156,375,55,59.5,165,110,53,21.5,12.3,12.8,34.3,74.4,40.1,11,27,57.3,55.8,59.7,57,57.3,55.8,56.3,59.7,57,58.6,2,2,2, 
81,56 CALD03,CALD03,2003,25,F,50,50,50,70,80,75,125,0.6,40,50,45,70,90,80,125,0.64,40.6,40,0.6,13.9,,13.9,2,9:03:00,9:18:00,15,2,8:52:00,9:19:00,8:37:00,6/5/2003,156,353,47,59.4,156,97,52,21,12.3,12.6,33.3,73.4,40.1,15,42,57.3,55.8,59.7,57,57.3,55.8,56.3,59.7,57,58.6,2,2,2, 
86,90 DYCE03,DYCE03,2003,24,M,50,50,50,70,70,70,120,0.583,40,40,40,90,80,85,125,0.68,39.6,39.8,-0.2,20.9,,20.9,2,,,,1,10:03:00,11:13:00,9:50:00,6/15/2003,166,326,25,60,132,67.9,27.3,21,11.5,12.3,31.6,70.9,39.3,13,83,61.9,58.6,64.8,61.8,64.8,61.8,62.8,68.3,64.3,66.3,2,2,2, 
146,JQ SWEG04,JQ SWEG05,2004,27,F,50,40,45,70,60,65,110,0.591,50,40,45,70,70,70,115,0.609,40.2,40.9,-0.7,18.9,21.9,18.9,2,,,,,9:59:00,10:23:00,9:34:00,5/26/2004,147,452,60,57.7,170,111,60,22.8,12.9,12.1,34.8,76.2,41.4,25,49,,,,,,,,,,16.56,1,2,1,
170,AV HAPA05,HAPA05,2005,26,F,50,20,35,99,80,89.5,124.5,0.719,50,20,35,80,60,70,105,0.667,39.5,39.5,0,,,,2,14:02:00,14:26:00,,,13:58:00,14:27:00,13:44:00,5/16/2005,136,370,65,61.5,178,118,70,21.8,12.3,13.4,34.4,75.1,40.7,14,43,,,,,,,,,,,2,2,2,
14,2D FOHA03,FOHA03,2003,30,M,40,40,40,50,60,55,95,0.579,40,40,40,60,70,65,105,0.619,40.1,41.3,-1.2,,,18.4,2,12:42:00,12:54:00,12,1,12:42:00,12:57:00,12:24:00,5/15/2003,135,395,90,61.3,198,140,98,23.9,13.1,13.3,36.6,80.1,43.5,18,33,64.3,61.1,67,62.9,64.3,61.1,62.9,67,62.9,18.4,2,2,2, 
15,3E FOHA03,FOHA03,2003,30,F,40,40,40,70,70,70,110,0.636,,,,,,,,,41.7,,,,,18.6,2,13:15:00,,,2,13:37:00,,12:24:00,5/15/2003,135,310,92,58.5,191,135,95,22.7,12.1,11.8,35,76.8,41.8,73,,64.3,61.1,67,62.9,67,62.9,65.2,68.2,64.2,18.61,2,2,2, 
60,03 COMP03,COMP03,2003,26,M,40,40,40,60,70,65,105,0.619,,,,,,,,,39.1,,,,,15.3,2,,,,2,13:56:00,,,5/23/2003,143,382,56,62.1,180,120,80,23.1,13.2,12.8,37.7,79.1,41.4,,,,,,,60.9,59.2,60.1,60.2,59.1,15.33,2,2,2, 
61,02 COMP03,COMP03,2003,26,M,40,50,45,70,80,75,120,0.625,,,,,,,,,40.9,,,,,15.9,2,,,,1,14:03:00,,,5/23/2003,143,422,64,62.7,187,122,84,23.1,13.1,13.2,36.6,81.6,45,,,,,,,60.2,59.1,59.6,61.8,59.7,15.89,2,2,2, 
73,55 MMUR03,MMUR03,2003,27,M,40,30,35,60,50,55,90,0.611,30,30,30,50,50,50,80,0.625,40.6,40.1,0.4,18.3,,18.3,2,12:14:00,12:28:00,14,1,12:10:00,12:40:00,11:54:00,5/29/2003,149,342,72,57.8,182,125,76,22.2,12.8,12.4,35,76.1,41.1,16,46,63.7,60.2,67.4,63.1,67.4,63.1,64.9,69,66.1,67.7,2,2,2, 
157,KO LRI204,KO LRI205,2004,26,M,40,40,40,60,60,60,100,0.6,50,50,50,60,60,60,110,0.545,41.6,40.5,1.1,,,18.8,2,,,,,10:53:00,11:52:00,10:35:00,6/27/2004,179,380,46,57,176,125,90,23.4,12,13.9,36,78,42,18,77,,,,,,,,,,18.78,2,2,2,
158,LN LRI204,LN LRI205,2004,26,F,40,40,40,60,80,70,110,0.636,50,50,50,70,70,70,120,0.583,41.8,40.7,1.1,23.1,,23.1,2,,,,,10:57:00,12:06:00,10:35:00,6/27/2004,179,267,42,54.1,167,111,78,19.8,11.7,12.5,30.9,70.2,39.3,22,91,,,,,,,,,,18.78,2,2,2,
160,JM 96IR05,96IR05,2005,24,M,40,30,35,80,70,75,110,0.682,30,30,30,70,80,75,105,0.714,39.8,39.4,0.3,13.7,,13.7,2,18:03:00,18:23:00,,,17:55:00,18:24:00,17:45:00,5/16/2005,136,370,31,58.4,135,78,22,19.9,13.3,12,33.1,71.7,38.6,10,39,,,,,,,,,,,2,2,2,
224,PE SEPG05,SEPG05,2005,26,M,40,50,45,90,99,94.5,139.5,0.677,50,90,70,80,90,85,155,0.548,39.1,39.6,-0.5,14.3,,14.3,2,14:07:00,14:18:00,,,13:40:00,14:18:00,13:33:00,5/22/2005,142,347,54,58.8,179,121,79,21.6,12.3,12.4,35,76,41,7,45,,,,,,,,,,,2,2,2,
68,11 BURP03,BURP03,2003,26,M,30,40,35,50,60,55,90,0.611,,,,,,,,,41.4,,,18.3,,18.3,2,,,,1,9:41:00,,9:18:00,5/27/2003,147,312,55,58.6,169,115,58,22.9,13.2,12.8,35.6,78.7,43.1,23,,58.6,51.8,62,58.5,58.6,51.8,54.8,62,58.5,60,2,2,2, 
69,SWB-W BURP03,BURP03,2003,26,M,30,30,30,70,50,60,90,0.667,,,,,,,,,36.9,,,18.3,,18.3,2,9:38:00,,,2,9:50:00,,9:18:00,5/27/2003,147,130,12,45,95,50,30,17.6,12.8,10.5,27.7,62.9,35.2,32,,58.6,51.8,62,58.5,58.6,51.8,54.8,62,58.5,60,2,2,2, 
159,GP 96IR05,96IR05,2005,24,F,30,30,30,70,70,70,100,0.7,50,40,45,70,70,70,115,0.609,39.6,39.9,-0.4,13.7,,13.7,2,17:56:00,18:13:00,,,17:55:00,18:14:00,17:45:00,5/16/2005,136,385,55,57.2,158,100,53,22.1,11.9,12.7,34.6,74.2,39.6,10,29,,,,,,,,,,,2,2,2,
223,OF SEPG05,SEPG05,2005,26,M,30,40,35,80,90,85,120,0.708,50,40,45,70,90,80,125,0.64,38.9,40.4,-1.5,14.3,,14.3,2,13:59:00,14:06:00,,,13:38:00,14:07:00,13:33:00,5/22/2005,142,415,74,61.2,189,116,85,24.8,12.2,12.3,38.2,79.5,41.3,5,34,,,,,,,,,,,2,2,2,
225,QD WARO05,WARO05,2005,33,M,30,30,30,60,60,60,90,0.667,40,30,35,70,70,70,105,0.667,40.3,41.1,-0.8,12.5,,12.5,2,16:27:00,16:49:00,,,16:33:00,16:50:00,,5/22/2005,142,480,111,62.7,230,162,124,25.3,14.2,14.8,39.3,84,44.7,,,,,,,,,,,,,2,2,2,
135,AZ NEEL04,AZ NEEL05,2004,27,F,70,50,60,80,70,75,135,0.556,60,50,55,80,80,80,135,0.593,41.7,41.2,0.5,23.3,23.5,23.3,1,,,,,10:11:00,10:27:00,10:02:00,5/24/2004,145,366,70,54.2,180,125,75,20.7,11.7,12.9,32.8,72.2,39.4,9,25,,,,,,,,,,20.67,2,1,2,
136,BY SWPG04,BY SWPG05,2004,31,M,70,50,60,60,50,55,115,0.478,60,40,50,70,50,60,110,0.545,42.3,42.2,0.1,22.2,,22.2,1,,,,,11:48:00,12:03:00,11:35:00,5/24/2004,145,500,98,66,215,150,102,25.8,14.2,14.5,40.2,86.1,45.9,13,28,,,,,,,,,,23.83,2,1,2,
147,KP ORHA04,KP ORHA05,2004,29,F,60,40,50,70,70,70,120,0.583,50,50,50,70,70,70,120,0.583,41.6,41.8,-0.2,,,20.8,1,,,,,12:12:00,12:25:00,11:57:00,5/26/2004,147,452,89,61.6,193,133,92,24.6,13,14.3,36.6,80.3,43.7,15,28,,,,,,,,,,20.83,2,1,2,
156,CV ECR204,CV ECR205,2004,26,F,60,50,55,90,80,85,140,0.607,60,50,55,90,80,85,140,0.607,41.3,41.4,-0.1,,,20.2,1,,,,,9:15:00,9:35:00,9:02:00,6/14/2004,166,383,58,58.2,169,110,68,22.9,12.7,13,35.7,77.4,41.7,13,33,,,,,,,,,,20.22,2,1,2,
217,DQ ROGO05,ROGO05,2005,27,F,60,50,55,80,80,80,135,0.593,40,40,40,80,90,85,125,0.68,40.1,40.3,-0.2,21.1,,21.1,1,10:43:00,10:52:00,,,10:40:00,10:52:00,10:32:00,5/21/2005,141,362,76,55.3,170,119,67,22,12.6,12.9,34.7,75.2,40.5,8,20,,,,,,,,,,,2,1,2,
79,34 STAD03,STAD03,2003,23,M,50,60,55,80,90,85,140,0.607,70,70,70,80,90,85,155,0.548,39.6,40.9,-1.4,18.3,,18.3,1,12:00:00,12:18:00,18,1,11:58:00,12:22:00,11:45:00,6/4/2003,155,362,50,59.5,159,98,28,21.9,12.7,11.8,33.1,76,42.9,13,37,61.5,59.2,61.1,59.1,61.5,59.2,60.3,61.1,59.1,60,2,1,2, 
195,JL LRIS05,LRIS05,2005,28,F,50,40,45,70,80,75,120,0.625,50,60,55,99,99,99,154,0.643,41.6,40.7,0.9,23.8,,23.8,1,12:32:00,12:51:00,,,12:28:00,12:53:00,12:24:00,5/19/2005,139,360,81,59.9,186,126,73,22.3,10.8,11.6,34.2,77.2,43,4,29,,,,,,,,,,,2,1,2,
213,EP ORHA05,ORHA05,2005,26,F,50,40,45,80,90,85,130,0.654,50,30,40,80,80,80,120,0.667,41,40.5,0.5,22.1,,22.1,1,12:09:00,12:18:00,,,12:07:00,12:18:00,11:59:00,5/21/2005,141,377,62,58.6,167,110,67,22.8,12.6,12.7,34.2,77.7,43.5,8,19,,,,,,,,,,,2,1,2,
85,24 COPA03,COPA03,2003,26,F,40,40,40,60,60,60,100,0.6,40,40,40,60,60,60,100,0.6,40.7,40.3,0.4,,,21.9,1,,,,1,13:06:00,13:42:00,12:46:00,6/15/2003,166,300,45,58.3,153,101,65,23,12,12.1,35.8,76.4,40.6,20,56,70,67.9,71.3,69.3,71.3,69.3,70.2,72.1,70.3,21.89,2,1,2, 
72,44 HATR03,HATR03,2003,27,F,30,30,30,50,50,50,80,0.625,30,30,30,60,60,60,90,0.667,41,42.1,-1.1,18.3,,18.3,1,9:55:00,10:13:00,18,1,9:53:00,10:15:00,9:39:00,5/29/2003,149,333,55,56.4,180,120,76,22.4,13.8,12.8,34.3,77.5,43.2,14,36,59.1,54.8,61.7,58.9,59.1,54.8,57,61.7,58.9,60.6,2,1,2, 
218,NG BRBI05,BRBI05,2005,25,,30,40,35,70,80,75,110,0.682,40,50,45,80,90,85,130,0.654,38.7,38.7,-0.1,11.8,,11.8,1,11:36:00,11:46:00,,,11:26:00,11:47:00,11:21:00,5/22/2005,142,396,56,59.6,166,106,56,22.8,12.7,12.4,35.4,77.9,42.5,5,26,,,,,,,,,,,2,1,2,
